	-- INSERCOES

SET SEARCH_PATH TO ROCKINRIO;

-- LOCALIZACAO

INSERT INTO LOCALIZACAO VALUES ('PAL001', 'Palco Mundo/Norte');
INSERT INTO LOCALIZACAO VALUES ('PAL002', 'Palco Sunset/Leste');
INSERT INTO LOCALIZACAO VALUES ('PAL003', 'Eletronica/Sudeste');
INSERT INTO LOCALIZACAO VALUES ('PAL004', 'Rock District/Oeste');
INSERT INTO LOCALIZACAO VALUES ('ATR001', 'Roda Gigante/Centro');
INSERT INTO LOCALIZACAO VALUES ('ATR002', 'MegaDrop/Sudoeste');
INSERT INTO LOCALIZACAO VALUES ('ATR003', 'Montanha Russa/Centro-Oeste');
INSERT INTO LOCALIZACAO VALUES ('ATR004', 'Tirolesa/Norte');
INSERT INTO LOCALIZACAO VALUES ('ATR005', 'Capela/Oeste');
INSERT INTO LOCALIZACAO VALUES ('ATR006', 'Game Exp/Sul');
INSERT INTO LOCALIZACAO VALUES ('ATR007', 'Area Vip/Leste');
INSERT INTO LOCALIZACAO VALUES ('ATR008', 'Area Master/Leste');
INSERT INTO LOCALIZACAO VALUES ('SEV001', 'Lounge/Sul' );
INSERT INTO LOCALIZACAO VALUES ('SEV002', 'Caixa Eletronico/Oeste');
INSERT INTO LOCALIZACAO VALUES ('SEV003', 'Loja1/Oeste');
INSERT INTO LOCALIZACAO VALUES ('SEV004', 'Loja2/Centro');
INSERT INTO LOCALIZACAO VALUES ('SEV005', 'Loja3/Leste');
INSERT INTO LOCALIZACAO VALUES ('SEV006', 'Loja4/Sudeste');
INSERT INTO LOCALIZACAO VALUES ('SEV007', 'Loja5/Sudeste');
INSERT INTO LOCALIZACAO VALUES ('SEV008', 'Posto Medico1/Norte');
INSERT INTO LOCALIZACAO VALUES ('SEV009', 'Posto Medico2/Nordeste');
INSERT INTO LOCALIZACAO VALUES ('SEV010', 'Posto Medico3/Sul');
INSERT INTO LOCALIZACAO VALUES ('SEV011', 'Posto Medico4/Sudoeste');
INSERT INTO LOCALIZACAO VALUES ('SEV012', 'Banheiro1/Nordeste');
INSERT INTO LOCALIZACAO VALUES ('SEV013', 'Banheiro2/Leste');
INSERT INTO LOCALIZACAO VALUES ('SEV014', 'Banheiro3/Leste');
INSERT INTO LOCALIZACAO VALUES ('SEV015', 'Banheiro4/Oeste');
INSERT INTO LOCALIZACAO VALUES ('SEV016', 'Banheiro5/Oeste');
INSERT INTO LOCALIZACAO VALUES ('SEV017', 'Banheiro6/Centro-Sul');
INSERT INTO LOCALIZACAO VALUES ('SEV018', 'Banheiro7/Centro-Oeste');
INSERT INTO LOCALIZACAO VALUES ('SEV019', 'Banheiro8/Sudoeste');
INSERT INTO LOCALIZACAO VALUES ('ALM001', 'Restaurante1/Nordeste');
INSERT INTO LOCALIZACAO VALUES ('ALM002', 'Restaurante2/Leste');
INSERT INTO LOCALIZACAO VALUES ('ALM003', 'Restaurante3/Noroeste');
INSERT INTO LOCALIZACAO VALUES ('ALM004', 'Restaurante4/Centro-Oeste');
INSERT INTO LOCALIZACAO VALUES ('ALM005', 'Restaurante5/Centro');
INSERT INTO LOCALIZACAO VALUES ('ALM006', 'Restaurante6/Centro-Sul');
INSERT INTO LOCALIZACAO VALUES ('ALM007', 'Restaurante7/Sudoeste');
INSERT INTO LOCALIZACAO VALUES ('ALM008', 'Restaurante8/Sudoeste');
INSERT INTO LOCALIZACAO VALUES ('ALM009', 'Gourmet Square/Sul');
INSERT INTO LOCALIZACAO VALUES ('IMP001', 'Sala de Imprensa/Norte');

-- DIA EVENTO

INSERT INTO DIAEVENTO VALUES ('15-SET','15/09/2017', 'SEXTA');
INSERT INTO DIAEVENTO VALUES ('16-SET','16/09/2017', 'SABADO');
INSERT INTO DIAEVENTO VALUES ('17-SET','17/09/2017', 'DOMINGO');
INSERT INTO DIAEVENTO VALUES ('21-SET','21/09/2017', 'QUINTA');
INSERT INTO DIAEVENTO VALUES ('22-SET','22/09/2017', 'SEXTA');
INSERT INTO DIAEVENTO VALUES ('23-SET','23/09/2017', 'SABADO');
INSERT INTO DIAEVENTO VALUES ('24-SET','24/09/2017', 'DOMINGO');

-- ATRACAO

INSERT INTO ATRACAO VALUES (1,'Palco Mundo','19:00','03:00','PAL001');
INSERT INTO ATRACAO VALUES (2,'Palco Sunset','15:00','20:00','PAL002');
INSERT INTO ATRACAO VALUES (3,'Palco Eletronico','22:00','04:00','PAL003');
INSERT INTO ATRACAO VALUES (4,'Rock District','15:00','21:00','PAL004');
INSERT INTO ATRACAO VALUES (5,'Roda Gigante','15:00','02:00','ATR001');
INSERT INTO ATRACAO VALUES (6,'Mega Drop','16:00','00:00','ATR002');
INSERT INTO ATRACAO VALUES (7,'Montanha Russa','16:00','01:00','ATR003');
INSERT INTO ATRACAO VALUES (8,'Tirolesa','20:00','02:00','ATR004');
INSERT INTO ATRACAO VALUES (9,'Capela','20:00','02:00','ATR005');
INSERT INTO ATRACAO VALUES (10,'Game Experience', '16:00', '00:00', 'ATR006');
INSERT INTO ATRACAO VALUES (11, 'Resutoran', '18:00','01:00','ALM001');
INSERT INTO ATRACAO VALUES (12, 'Desejo Italiano', '19:00','02:00','ALM002');
INSERT INTO ATRACAO VALUES (13, 'Canto da Baiana', '17:00','02:00','ALM003');
INSERT INTO ATRACAO VALUES (14, 'Fogao Mineiro', '18:00','00:00','ALM004');
INSERT INTO ATRACAO VALUES (15,'Tempero Caliente','16:00','01:00','ALM005');
INSERT INTO ATRACAO VALUES (16,'King Burger','16:00','03:00','ALM006');
INSERT INTO ATRACAO VALUES (17,'Tolles Essen','17:00','02:00','ALM007');
INSERT INTO ATRACAO VALUES (18,'Segredos de Aladin','17:00','02:00','ALM008');
INSERT INTO ATRACAO VALUES (19,'Gourmet Square','16:00','02:00','ALM009');

-- PALCO

INSERT INTO PALCO VALUES (1,100000);
INSERT INTO PALCO VALUES (2,30000);
INSERT INTO PALCO VALUES (3,20000);
INSERT INTO PALCO VALUES (4,20000);

-- RESTAURANTE

INSERT INTO RESTAURANTE VALUES (11, 'Culinaria Japonesa',4);
INSERT INTO RESTAURANTE VALUES (12, 'Culinaria Italiana',5);
INSERT INTO RESTAURANTE VALUES (13, 'Culinaria Brasileira',3);
INSERT INTO RESTAURANTE VALUES (14, 'Culinaria Brasileira',3);
INSERT INTO RESTAURANTE VALUES (15,'Culinaria Mexicana',3);
INSERT INTO RESTAURANTE VALUES (16,'Culinaria Norte Americana',4);
INSERT INTO RESTAURANTE VALUES (17,'Culinaria Alema',4);
INSERT INTO RESTAURANTE VALUES (18,'Culinaria Arabe',5);
INSERT INTO RESTAURANTE VALUES (19,'Culinaria Variada',4);

--PARQUE

INSERT INTO PARQUE VALUES (5,'+16',30);
INSERT INTO PARQUE VALUES (6,'+18',30);
INSERT INTO PARQUE VALUES (7,'+16',40);
INSERT INTO PARQUE VALUES (8,'+16',100);
INSERT INTO PARQUE VALUES (9,null,0);
INSERT INTO PARQUE VALUES (10,'+8',50);

-- DADOS DAS SHOWS 

INSERT INTO BANDA VALUES ('Maroon 5','Hits: Sugar e Dont Wanna Know',350000.00,'Pop',1);
INSERT INTO BANDA VALUES ('5 Seconds of Summer','Hits: Amnesia e She Looks So Perfect', 150000.00,'Pop/Punk',1);
INSERT INTO BANDA VALUES ('Pet Shop Boys','Hits: Domino Dancing e West End Girls',80000.00,'Pop/Disco',1);
INSERT INTO BANDA VALUES ('Ivete Sangalo','Hits: À Vontade e Simples Assim', 100000.00, 'Axe',1);
INSERT INTO BANDA VALUES ('Lady Gaga', 'Hits: The Cure e Perfect Ilusion', 300000.00, 'Pop',1);
INSERT INTO BANDA VALUES ('Fergie','Hits: M.I.L.F $ e Big Girls Dont Cry', 200000.00, 'Hip-Hop/Pop',1);
INSERT INTO BANDA VALUES ('Shawn Mendes','Hits: Treat You Better e Mercy', 200000.00, 'Pop',1);
INSERT INTO BANDA VALUES ('SKANK', 'Hits: Sutilmente e Garoto Nacional', 100000.00, 'Pop-Rock',1);
INSERT INTO BANDA VALUES ('Justin Timberlake', 'Hits: Mirror e Cant Stop The Feeling', 250000.00,'Pop',1);
INSERT INTO BANDA VALUES ('Alicia Keys', 'Hits: If I aint got you e Girl On Fire', 200000.00, 'R&B/Soul',1);
INSERT INTO BANDA VALUES ('Walk The Moon' ,'Hits: Anna Sun e Kamikaze', 150000.00, 'Indie-Rock/Indie-Pop',1);
INSERT INTO BANDA VALUES ('Frejat', 'Hits: Segredos e Amor Pra Recomeçar', 80000.00, 'Pop-Rock',1);
INSERT INTO BANDA VALUES ('AeroSmith', 'Hits: Dream On e I Dont Wanna Miss a Thing', 300000.00,'Rock',1);
INSERT INTO BANDA VALUES ('Def Leppard', 'Hits: Love Bites e Hysteria', 200000.00, 'Hard-Rock/Rock',1);
INSERT INTO BANDA VALUES ('Fall Out Boy', 'Hits: Champion e Centuries', 175000.00,'Pop-Rock',1);
INSERT INTO BANDA VALUES ('Scalene', 'Hits: Distopia e Entrelaços', 80000.00, 'Rock-Brasileiro',1);
INSERT INTO BANDA VALUES ('Bon Jovi', 'Hits: Its My Life e Always', 250000.00, 'Rock',1);
INSERT INTO BANDA VALUES ('Tears For Fears', 'Hits: Shout e Head Over Heels', 150000.00, 'New Wave/Pop-Rock',1);
INSERT INTO BANDA VALUES ('Alter Bridge', 'Hits: Blackbird e Metalingus', 120000.00, 'Metal/Hard Rock',1);
INSERT INTO BANDA VALUES ('Jota Quest', 'Hits: So Hoje e Dias Melhores', 80000.00, 'Pop-Rock',1);
INSERT INTO BANDA VALUES ('Guns N Roses', 'Hits: Sweet Child O Mine e November Rain', 230000.00, 'Rock',1);
INSERT INTO BANDA VALUES ('The Who', 'Hits: Baba ORiley e Behind Blue Eyes', 190000.00, 'Rock',1);
INSERT INTO BANDA VALUES ('Incubus', 'Hits: Drive e Dig', 130000.00, 'Rock-Alternativo',1);
INSERT INTO BANDA VALUES ('Titas', 'Hits: Epitáfio e Enquanto Houver Sol', 90000.00, 'Rock/Rock Alternativo',1);
INSERT INTO BANDA VALUES ('Red Hot Chilli Peppers', 'Hits: Californication e Cant Stop', 300000.00, 'Funk-Rock',1);
INSERT INTO BANDA VALUES ('30 Seconds To Mars', 'Hits: The Kill e Closer to The Edge', 180000.00, 'Rock Alternativo',1);
INSERT INTO BANDA VALUES ('The Offspring', 'Hits: The Kids Arent Right e Self Esteem', 100000.00, 'Punk-Rock',1);
INSERT INTO BANDA VALUES ('Capital Inicial', 'Hits: A sua maneira e Primeiros Erros', 90000.00, 'Rock Brasileiro',1);

INSERT INTO BANDA VALUES ('Salve o Samba!', 'Hits: Clube do Samba e Meu Ébano', 70000.00, 'Samba',2);
INSERT INTO BANDA VALUES ('Rael/Elza Soares', 'Hits: Envolvidão e Ela me Faz', 60000.00, 'Hip-Hop/Rap',2);
INSERT INTO BANDA VALUES ('Maria Rita/Melody Gardot', 'Hits: Ta perdoado e Cara Valente', 50000.00, 'Samba/Mpb',2);
INSERT INTO BANDA VALUES ('The Kills', 'Hits: Doing It to Death e Heart Of a Dog', 80000.00, 'Indie Rock',2);
INSERT INTO BANDA VALUES ('Ney Matogrosso/Nacao Zumbi', 'Hits: Sangue Latino e Justamente',75000.00, 'Mpb',2);
INSERT INTO BANDA VALUES ('Cello Green/Iza', 'Hits: F**k You e Forget You', 90000.00, 'R&B/Soul',2);
INSERT INTO BANDA VALUES ('Sepultura', 'Hits: Roots Bloody Roots e Refuse', 90000.00, 'Metal/Death Metal',2);

INSERT INTO BANDA VALUES ('Fatnotronic', 'Hits: Onda e Bateu', 20000.00, 'Dance/Eletronica',3);
INSERT INTO BANDA VALUES ('GrandMaster Flash', 'Hits: You Cant Hide e The Message', 35000.00, 'Hip-Hop',3);
INSERT INTO BANDA VALUES ('ANDHIM', 'Hits: Hausch e Boy Boy Boy', 20000.00, 'Dance/Eletronica',3);
INSERT INTO BANDA VALUES ('Rob Garza', 'Hits: Work Song e The System', 25000.00, 'Dance/Eletronica',3);
INSERT INTO BANDA VALUES ('Maya Jane Coles', 'Hits: What They Say e Werk', 30000.00, 'Deep House',3);
INSERT INTO BANDA VALUES ('Bruno Martini', 'Hits: Living on the Outside e Road', 30000.00, 'Dance/Eletronica',3);
INSERT INTO BANDA VALUES ('Vintage Culture', 'Hits: Human e Monday', 27000.00, 'House Music',3);

INSERT INTO BANDA VALUES ('George Israel', 'Hits: Olha Ela e Mina', 20000.00, 'Pop-Rock',4);
INSERT INTO BANDA VALUES ('Jamz', 'Hits: Cant Take My Eyes of You e Insano', 22000.00, 'Pop/R&B',4);
INSERT INTO BANDA VALUES ('The Silvas', NULL, 15000.00, 'Surf Rock',4);
INSERT INTO BANDA VALUES ('Rogrigo Santos', 'Hits: Cover Rock Nacional', 18000.00, 'rock-brasileiro',4);
INSERT INTO BANDA VALUES ('Tudo Pelos Ares', 'Hits: Insaciavel e Deixa eu Colocar', 20000.00, 'Rock',4);
INSERT INTO BANDA VALUES ('Memora', 'Hits: Ela e No mesmo Ceu', 15000.00, 'Indie/Funk-Rock',4);
INSERT INTO BANDA VALUES ('Evandro Mesquita', 'Hits: Oculos e A Dois Passos Do Paraiso', 12000.00, 'Pop-Rock',4);
INSERT INTO BANDA VALUES ('Dinho Ouro preto', 'Hits: Covert Ramones, The cure,...', 10000.00, 'Rock/Punk-Rock',4);
INSERT INTO BANDA VALUES ('Kisser Clan', 'Hits: Covert Rock', 10000.00, 'Rock',4);
INSERT INTO BANDA VALUES ('Flausino/Sideral', 'Hits: Covert Cazuza', 10000.00, 'Rock-Brasileiro',4);


-- prato(*nome*,preco,cod_interno[restaurante])

INSERT INTO PRATO VALUES ('HOSSOMAKI',22.00,11);
INSERT INTO PRATO VALUES ('SASHIMI',30.25,11);
INSERT INTO PRATO VALUES ('TEMAKI', 17.90,11);
INSERT INTO PRATO VALUES ('NIGUIRI',20.00,11);
INSERT INTO PRATO VALUES ('HOT ROLL', 22.00,11);
INSERT INTO PRATO VALUES ('URAMAKI', 22.00,11);
INSERT INTO PRATO VALUES ('SUNOMO',8.00,11);
INSERT INTO PRATO VALUES ('SHIJIMI',26.00,11);
INSERT INTO PRATO VALUES ('MISSHOSHIRO',30.00,11);
INSERT INTO PRATO VALUES ('YAKISSOBA',30.00,11);
INSERT INTO PRATO VALUES ('TEPPANYAKI',40.00,11);

INSERT INTO PRATO VALUES ('AGNOLOTE',50.00,12);
INSERT INTO PRATO VALUES ('FETUTINE DE AZEITONA',50.00,12);
INSERT INTO PRATO VALUES ('CALZONE',48.90,12);
INSERT INTO PRATO VALUES ('TORTELONI',60.00,12);
INSERT INTO PRATO VALUES ('NHOQUE',50.00,12);
INSERT INTO PRATO VALUES ('FUZILI',50.00,12);
INSERT INTO PRATO VALUES ('RAVIOLI',50.00,12);
INSERT INTO PRATO VALUES ('PANSOTI',67.00,12);
INSERT INTO PRATO VALUES ('SORRENTINE',70.00,12);
INSERT INTO PRATO VALUES ('CARBONARA',50.00,12);

INSERT INTO PRATO VALUES ('ACARAJE',25.00,13);
INSERT INTO PRATO VALUES ('MOQUECA',29.00,13);
INSERT INTO PRATO VALUES ('ACAÇA',30.00,13);
INSERT INTO PRATO VALUES ('CAMARAO A BAIANA',35.00,13);
INSERT INTO PRATO VALUES ('RABADA',29.90,13);
INSERT INTO PRATO VALUES ('BOBO DE CAMARAO',39.90,13);
INSERT INTO PRATO VALUES ('XINXIN DE GALINHA',34.90,13);
INSERT INTO PRATO VALUES ('QUINDIM',15.00,13);
INSERT INTO PRATO VALUES ('SARAPATEL',33.00,13);
INSERT INTO PRATO VALUES ('CARURU', 33.00,13);
INSERT INTO PRATO VALUES ('VATAPA', 35.00,13);

INSERT INTO PRATO VALUES ('TROPEIRO',25.00,14);
INSERT INTO PRATO VALUES ('FRANGO COM QUIABO',33.00,14);
INSERT INTO PRATO VALUES ('FRANGO AO MOLHO',32.00,14);
INSERT INTO PRATO VALUES ('MEXIDO',25.00,14);
INSERT INTO PRATO VALUES ('FIGADO COM JILO',26.00,14);
INSERT INTO PRATO VALUES ('TUTU DE FEIJAO',25.00,14);
INSERT INTO PRATO VALUES ('BAMBA DE COUVE',22.00,14);
INSERT INTO PRATO VALUES ('VACA ATOLADA',35.00,14);
INSERT INTO PRATO VALUES ('DOCE DE LEITE',12.00,14);
INSERT INTO PRATO VALUES ('PAO DE QUEIJO', 5.00,14);

INSERT INTO PRATO VALUES ('PAPA RELLENA',28.00,15);
INSERT INTO PRATO VALUES ('PAPAS CUBIERTAS',25.00,15);
INSERT INTO PRATO VALUES ('NACHOS SALSA',25.00,15);
INSERT INTO PRATO VALUES ('NACHOS CHILLI',25.00,15);
INSERT INTO PRATO VALUES ('EMPANADAS',22.00,15);
INSERT INTO PRATO VALUES ('FLAUTAS',25.00,15);
INSERT INTO PRATO VALUES ('TACO',25.00,15);
INSERT INTO PRATO VALUES ('GUACAMOLE',30.00,15);
INSERT INTO PRATO VALUES ('QUESADILLA',25.00,15);
INSERT INTO PRATO VALUES ('BURRITO',25.00,15);
INSERT INTO PRATO VALUES ('FAJITAS',35.00,15);

INSERT INTO PRATO VALUES ('BABY BACK RIBS',60.00,16);
INSERT INTO PRATO VALUES ('HAMBURGUER I',32.00,16);
INSERT INTO PRATO VALUES ('HAMBURGUER II',35.00,16);
INSERT INTO PRATO VALUES ('BATATA FRITA', 17.50,16);
INSERT INTO PRATO VALUES ('MILK SHAKE', 18.00,16);
INSERT INTO PRATO VALUES ('APPLE PIE',15.00,16);
INSERT INTO PRATO VALUES ('BROWNIE',12.00,16);
INSERT INTO PRATO VALUES ('FRIED CHICKEN',35.00,16);
INSERT INTO PRATO VALUES ('THE POTERHOUSE',90.00,16);
INSERT INTO PRATO VALUES ('CAESAR SALAD',28.00,16);

INSERT INTO PRATO VALUES ('BREZEL',26.00,17);
INSERT INTO PRATO VALUES ('WURST',35.00,17);
INSERT INTO PRATO VALUES ('SCHWABISCHE MAULTASCHEN',39.00,17);
INSERT INTO PRATO VALUES ('SPATZLE',49.00,17);
INSERT INTO PRATO VALUES ('KARTOFFELKLOSSE',48.00,17);
INSERT INTO PRATO VALUES ('SAUERKRAUT',43.90,17);
INSERT INTO PRATO VALUES ('EISBEIN',49.00,17);
INSERT INTO PRATO VALUES ('SCHNITZEL',67.00,17);
INSERT INTO PRATO VALUES ('SAUERBRATEN',60.00,17);
INSERT INTO PRATO VALUES ('REIBENKUCHEN MIT APFELMUS',40.00,17);
INSERT INTO PRATO VALUES ('FISCHBROTCHEN',60.00,17);

INSERT INTO PRATO VALUES ('HOMMUS',35.00,18);
INSERT INTO PRATO VALUES ('BABAGANUCHE',40.00,18);
INSERT INTO PRATO VALUES ('FATOUCHE',50.00,18);
INSERT INTO PRATO VALUES ('TABULE',40.00,18);
INSERT INTO PRATO VALUES ('CHANCLICHE',60.00,18);
INSERT INTO PRATO VALUES ('MOUSSAKA',70.00,18);
INSERT INTO PRATO VALUES ('MIJADRE',80.00,18);
INSERT INTO PRATO VALUES ('KIBE',40.00,18);
INSERT INTO PRATO VALUES ('CHARUTO DE UVA',70.00,18);
INSERT INTO PRATO VALUES ('CHICHIBARAK',65.00,18);
INSERT INTO PRATO VALUES ('HIRISE',60.00,18);
INSERT INTO PRATO VALUES ('ESFIHA',28.00,18);

INSERT INTO PRATO VALUES ('PEIXE GRELHADO',40.00,19);
INSERT INTO PRATO VALUES ('SALGADO',12.00,19);
INSERT INTO PRATO VALUES ('SARDINHA ASSADA',49.90,19);
INSERT INTO PRATO VALUES ('PIZZA A PENI',70.00,19);
INSERT INTO PRATO VALUES ('PIZZA PEDACO',18.00,19);
INSERT INTO PRATO VALUES ('GASPACHO DE TOMATE',40.00,19);
INSERT INTO PRATO VALUES ('PAK CHOI',58.90,19);
INSERT INTO PRATO VALUES ('PASTEL DE BELEM',20.00,19);
INSERT INTO PRATO VALUES ('PASTELAO',22.00,19);
INSERT INTO PRATO VALUES ('BOLO',15.00,19);

-- IMPRENSA

INSERT INTO IMPRENSA VALUES (1,'99.386.611/0001-87','GLOBO');
INSERT INTO IMPRENSA VALUES (2,'74.779.101/0001-49','RECORD');
INSERT INTO IMPRENSA VALUES (3,'38.160.077/0001-00','BAND');
INSERT INTO IMPRENSA VALUES (4,'83.969.988/0001-29','MULTISHOW');
INSERT INTO IMPRENSA VALUES (5,'68.087.135/0001-70','REDETV');
INSERT INTO IMPRENSA VALUES (6,'14.268.266/0001-24','PLAYTV');
INSERT INTO IMPRENSA VALUES (7,'64.690.448/0001-67','SBT');
INSERT INTO IMPRENSA VALUES (8,'07.817.587/0001-75','CNN');
INSERT INTO IMPRENSA VALUES (9,'71.513.655/0001-01','NBC');
INSERT INTO IMPRENSA VALUES (10,'89.655.267/0001-20','SHOW TV');
INSERT INTO IMPRENSA VALUES (11,'27.809.793/0001-40','ROCK IN RIO TV');

-- TIPOPATROCINIO

INSERT INTO TIPOPATROCINIO VALUES ('BRONZE',300000,'LOGO EM BANNER/STAND');
INSERT INTO TIPOPATROCINIO VALUES ('PRATA',500000,'LOGO EM BANNER/STAND/TV');
INSERT INTO TIPOPATROCINIO VALUES ('OURO',1000000,'LOGO EM BANNER/STAND/TV/PALCO');
INSERT INTO TIPOPATROCINIO VALUES ('MASTER',5000000,'LOGO EM BANNER/STAND/TV/PALCO MUNDO/INGRESSO');

-- PATROCINADORES 

INSERT INTO PATROCINADORES VALUES ('22.594.748/0001-00','ITAU SA','ITAU','MASTER');
INSERT INTO PATROCINADORES VALUES ('73.201.984/0001-42','POSTOS IPIRANGA SA','IPIRANGA','OURO');
INSERT INTO PATROCINADORES VALUES ('00.291.672/0001-01','D ALIMENTOS','DORITOS','OURO');
INSERT INTO PATROCINADORES VALUES ('23.572.567/0001-38','H BEBIDAS','HEINEKEN','OURO');
INSERT INTO PATROCINADORES VALUES ('19.258.528/0001-93','C BEBIDAS','COCA-COLA','OURO');
INSERT INTO PATROCINADORES VALUES ('99.221.529/0001-00','BOBS ALIMENTOS','BOBS','PRATA');
INSERT INTO PATROCINADORES VALUES ('48.169.348/0001-33','GOL SA','GOL','PRATA');
INSERT INTO PATROCINADORES VALUES ('03.823.396/0001-65','VALDEMAR VIEIRA','INGRESSO.COM','PRATA');
INSERT INTO PATROCINADORES VALUES ('60.685.148/0001-39','TINDER SA','TINDER','PRATA');
INSERT INTO PATROCINADORES VALUES ('21.819.146/0001-33','SUBMARINO SA','SUBMARINO','BRONZE');
INSERT INTO PATROCINADORES VALUES ('61.914.632/0001-55','AZZARO LTDA','AZZARO','BRONZE');
INSERT INTO PATROCINADORES VALUES ('76.364.670/0001-59','UBER SA','UBER','BRONZE');
INSERT INTO PATROCINADORES VALUES ('07.725.737/0001-10','VISA SA','VISA','BRONZE');

-- TIPOINGRESSO 

INSERT INTO TIPOINGRESSO VALUES ('NORMAL',550.00);
INSERT INTO TIPOINGRESSO VALUES ('VIP',1000.00);
INSERT INTO TIPOINGRESSO VALUES ('MASTER',1500.00);

-- COBRE cobre(*cod*[imprensa],*sigla*[localizacao])

INSERT INTO COBRE VALUES (1,'PAL001');
INSERT INTO COBRE VALUES (1,'ATR001');
INSERT INTO COBRE VALUES (1,'IMP001');
INSERT INTO COBRE VALUES (2,'IMP001');
INSERT INTO COBRE VALUES (2,'ATR002');
INSERT INTO COBRE VALUES (3,'IMP001');
INSERT INTO COBRE VALUES (3,'PAL004');
INSERT INTO COBRE VALUES (3,'ATR002');
INSERT INTO COBRE VALUES (4,'IMP001');
INSERT INTO COBRE VALUES (4,'PAL001');
INSERT INTO COBRE VALUES (4,'ATR004');
INSERT INTO COBRE VALUES (4,'ATR007');
INSERT INTO COBRE VALUES (5,'ATR003');
INSERT INTO COBRE VALUES (5,'PAL002');
INSERT INTO COBRE VALUES (5,'IMP001');
INSERT INTO COBRE VALUES (6,'IMP001');
INSERT INTO COBRE VALUES (6,'PAL003');
INSERT INTO COBRE VALUES (6,'ATR005');
INSERT INTO COBRE VALUES (7,'IMP001');
INSERT INTO COBRE VALUES (7,'ATR006');
INSERT INTO COBRE VALUES (8,'IMP001');
INSERT INTO COBRE VALUES (8,'PAL004');
INSERT INTO COBRE VALUES (8,'ATR006');
INSERT INTO COBRE VALUES (9,'IMP001');
INSERT INTO COBRE VALUES (9,'ATR008');
INSERT INTO COBRE VALUES (10,'IMP001');
INSERT INTO COBRE VALUES (10,'PAL001');
INSERT INTO COBRE VALUES (10,'PAL002');
INSERT INTO COBRE VALUES (10,'PAL003');
INSERT INTO COBRE VALUES (10,'PAL004');
INSERT INTO COBRE VALUES (11,'IMP001');
INSERT INTO COBRE VALUES (11,'ATR001');
INSERT INTO COBRE VALUES (11,'ATR002');
INSERT INTO COBRE VALUES (11,'ATR003');
INSERT INTO COBRE VALUES (11,'ATR006');

--SHOW 

INSERT INTO SHOWS VALUES ('Maroon 5','00:30','15-SET');
INSERT INTO SHOWS VALUES ('5 Seconds of Summer','22:30','15-SET');
INSERT INTO SHOWS VALUES ('Pet Shop Boys','21:00','15-SET');
INSERT INTO SHOWS VALUES ('Ivete Sangalo','19:00','15-SET');
INSERT INTO SHOWS VALUES ('Lady Gaga','00:30', '16-SET');
INSERT INTO SHOWS VALUES ('Fergie','22:30','16-SET');
INSERT INTO SHOWS VALUES ('Shawn Mendes','21:00','16-SET');
INSERT INTO SHOWS VALUES ('SKANK','19:00' ,'16-SET');
INSERT INTO SHOWS VALUES ('Justin Timberlake','00:30','17-SET');
INSERT INTO SHOWS VALUES ('Alicia Keys','22;30', '17-SET');
INSERT INTO SHOWS VALUES ('Walk The Moon','21:00','17-SET');
INSERT INTO SHOWS VALUES ('Frejat','19:00', '17-SET');
INSERT INTO SHOWS VALUES ('AeroSmith','00:30','21-SET');
INSERT INTO SHOWS VALUES ('Def Leppard','22:30','21-SET');
INSERT INTO SHOWS VALUES ('Fall Out Boy','21:00','21-SET');
INSERT INTO SHOWS VALUES ('Scalene','19:00','21-SET');
INSERT INTO SHOWS VALUES ('Bon Jovi','00:30','22-SET');
INSERT INTO SHOWS VALUES ('Tears For Fears','22:30','22-SET');
INSERT INTO SHOWS VALUES ('Alter Bridge','21:00','22-SET');
INSERT INTO SHOWS VALUES ('Jota Quest','19:00','22-SET');
INSERT INTO SHOWS VALUES ('Guns N Roses','00:30','23-SET');
INSERT INTO SHOWS VALUES ('The Who','22:30','23-SET');
INSERT INTO SHOWS VALUES ('Incubus','21:00','23-SET');
INSERT INTO SHOWS VALUES ('Titas','19:00','23-SET');
INSERT INTO SHOWS VALUES ('Red Hot Chilli Peppers','00:30','24-SET');
INSERT INTO SHOWS VALUES ('30 Seconds To Mars','22:30','24-SET');
INSERT INTO SHOWS VALUES ('The Offspring','21:00','24-SET');
INSERT INTO SHOWS VALUES ('Capital Inicial','19:00','24-SET');

INSERT INTO SHOWS VALUES ('Salve o Samba!','20:10', '15-SET');
INSERT INTO SHOWS VALUES ('Rael/Elza Soares','18:00', '16-SET');
INSERT INTO SHOWS VALUES ('Maria Rita/Melody Gardot','18:00','17-SET');
INSERT INTO SHOWS VALUES ('The Kills','18:00','21-SET');
INSERT INTO SHOWS VALUES ('Ney Matogrosso/Nacao Zumbi','20:00','22-SET');
INSERT INTO SHOWS VALUES ('Cello Green/Iza','20:00','23-SET');
INSERT INTO SHOWS VALUES ('Sepultura','20:00','24-SET');

INSERT INTO SHOWS VALUES ('Fatnotronic','22:00','15-SET');
INSERT INTO SHOWS VALUES ('GrandMaster Flash','01:45','16-SET');
INSERT INTO SHOWS VALUES ('ANDHIM','01:00','17-SET');
INSERT INTO SHOWS VALUES ('Rob Garza','02:45','21-SET');
INSERT INTO SHOWS VALUES ('Maya Jane Coles','02:30','21-SET');
INSERT INTO SHOWS VALUES ('Bruno Martini','00:00', '23-SET');
INSERT INTO SHOWS VALUES ('Vintage Culture','02:30','24-SET');

INSERT INTO SHOWS VALUES ('George Israel','17:00','15-SET');
INSERT INTO SHOWS VALUES ('Jamz','17:30','16-SET');
INSERT INTO SHOWS VALUES ('The Silvas','17:30', '17-SET');
INSERT INTO SHOWS VALUES ('Rogrigo Santos','20:00','21-SET');
INSERT INTO SHOWS VALUES ('Tudo Pelos Ares','16:00','21-SET');
INSERT INTO SHOWS VALUES ('Memora','16:00', '22-SET');
INSERT INTO SHOWS VALUES ('Evandro Mesquita','17:30','22-SET');
INSERT INTO SHOWS VALUES ('Dinho Ouro preto','17:30','23-SET');
INSERT INTO SHOWS VALUES ('Kisser Clan','20:00','23-SET');
INSERT INTO SHOWS VALUES ('Flausino/Sideral','17:30','24-SET');

-- DEPARTAMENTO 

INSERT INTO DEPARTAMENTO VALUES (1,'ORGANIZACAO',100000,NULL);
INSERT INTO DEPARTAMENTO VALUES (2,'SEGURANCA',50000,NULL);
INSERT INTO DEPARTAMENTO VALUES (3,'LIMPEZA',50000,NULL);
INSERT INTO DEPARTAMENTO VALUES (4,'MARKETING',50000,NULL);
INSERT INTO DEPARTAMENTO VALUES (5,'FINANCEIRO',50000,NULL);
INSERT INTO DEPARTAMENTO VALUES (6,'CRL.QUALIDADE',50000,NULL);
INSERT INTO DEPARTAMENTO VALUES (7,'TI',50000,NULL);


-- FUNCIONARIO 

INSERT INTO FUNCIONARIO VALUES ('973.529.450-83','193228713','Joaquim da Silva','12/06/1987','Rua Pedro Aguilar,1305','38314455');
INSERT INTO FUNCIONARIO VALUES ('121.395.990-04','126363237','Davi Ian Barros','09/02/1991','Rua Líbia,159','6135416969');
INSERT INTO FUNCIONARIO VALUES ('451.289.040-83','501165423','Davi Thiago Leonardo Castro','16/10/1988','Vila Pedro Ramos,398','6136950016');
INSERT INTO FUNCIONARIO VALUES ('131.527.750-67','100436195','Alexandre Juan Gomes','03/11/1984','Avenida Professor Santos Ferraz,685','7926914465');
INSERT INTO FUNCIONARIO VALUES ('189.681.070-50','322848039','Juan Antonio de Paula','06/05/1984','Avenida Ville Roy,738','4539699275');
INSERT INTO FUNCIONARIO VALUES ('134.838.300-30','436867953','Carlos Eduardo Paulo Barros','26/06/1985','Rua México,703','2125740286');
INSERT INTO FUNCIONARIO VALUES ('922.950.100-04','414624099','Leonardo Arthur Castro','17/10/1962','Rua da Enseada,159','4728419476');
INSERT INTO FUNCIONARIO VALUES ('554.204.900-13','387914626','Paulo Diego Ryan Souza','11/02/1971','Quadra Vinte,881','8237769994');
INSERT INTO FUNCIONARIO VALUES ('118.641.900-86','326304393','André Diogo Monteiro','23/01/1983','Rua Marcos Aper,619','8439077961');
INSERT INTO FUNCIONARIO VALUES ('111.111.111-11','12341234','Larissa Machado','22/07/1992','Rua Presidente Vargas,213','35157400');

-- TRABALHA **trabalha(*numero*[departamento],*cpf*[funcionario],funcao)

INSERT INTO TRABALHA VALUES (1,'973.529.450-83','gerente',1200);
INSERT INTO TRABALHA VALUES (1,'121.395.990-04','auxiliar',1000);
INSERT INTO TRABALHA VALUES (2,'451.289.040-83','auxiliar',1000);
INSERT INTO TRABALHA VALUES (3,'131.527.750-67','auxiliar',1000);
INSERT INTO TRABALHA VALUES (4,'189.681.070-50','auxiliar',1000);
INSERT INTO TRABALHA VALUES (5,'134.838.300-30','auxiliar',1000);
INSERT INTO TRABALHA VALUES (6,'922.950.100-04','auxiliar',1000);
INSERT INTO TRABALHA VALUES (7,'554.204.900-13','auxiliar',1000);
INSERT INTO TRABALHA VALUES (7,'118.641.900-86','auxiliar',1000);
INSERT INTO TRABALHA VALUES (1,'111.111.111-11','CEO',10000);

-- CLIENTE 

INSERT INTO CLIENTE VALUES ('623.748.097-81','48993470','Julio Souza','Rua Dois,1963','22/07/1955','8493362815');
INSERT INTO CLIENTE VALUES ('081.595.520-09','467466269','Belinda Costa','Rua 3,624','18/01/1964','9199672251');
INSERT INTO CLIENTE VALUES ('726.284.865-80','33490082','Lourenço Araujo','Rua Dois,854','12/09/1966','2792711935');
INSERT INTO CLIENTE VALUES ('371.062.487-89','23999034','Nicole	Ferrari','Av. das Lameiras,190','12/04/1970','819292198');
INSERT INTO CLIENTE VALUES ('845.656.718-32','429085072','Thomas Vasconcelos','Rua Paranaiba,128','25/02/1988','3192227037');
INSERT INTO CLIENTE VALUES ('147.636.219-04','483710027','Ariana Duarte','Av. Quatro,1671','16/07/1971','8292759196');
INSERT INTO CLIENTE VALUES ('653.504.923-06','429085072','Julio	Monteiro','Rua Um,95','11/05/1982','7991814252');
INSERT INTO CLIENTE VALUES ('642.169.393-84','3300934',	'Theo Muniz','Av. Santiago,3','02/09/1971','869486500');
INSERT INTO CLIENTE VALUES ('128.467.619-65','438133018','Heitor Pinheiro','Rua Nove,421','24/01/1958','869351234');
INSERT INTO CLIENTE VALUES ('929.837.744-49','348280683','Heitor Guimaraes','Av. dos Sonhos,1909','01/07/1976','819801488');
INSERT INTO CLIENTE VALUES ('111.111.111-11','12341234','Larissa Machado','Rua Presidente Vargas,213','22/07/1992','35157400');

-- CARTAO **cartao(*cpf_cliente*[cliente],"numero",nome_titular,bandeira,validade,cod_segurança)

INSERT INTO CARTAO VALUES ('623.748.097-81','4539608823774767','Julio Souza','VISA','12/18',501);
INSERT INTO CARTAO VALUES ('081.595.520-09','4539455334345434','Belinda Costa','VISA','09/18',967);
INSERT INTO CARTAO VALUES ('726.284.865-80','4916651208594916','Lourenço Araujo','VISA','04/18',939);
INSERT INTO CARTAO VALUES ('371.062.487-89','4556626701836043','Nicole	Ferrari','VISA','03/19',934);
INSERT INTO CARTAO VALUES ('845.656.718-32','4532756120612789','Thomas Vasconcelos','VISA','03/19',492);
INSERT INTO CARTAO VALUES ('147.636.219-04','4024007148466922','Ariana Duarte','VISA','09/19',592);
INSERT INTO CARTAO VALUES ('653.504.923-06','4539124712132414','Julio Monteiro','VISA','09/18',290);
INSERT INTO CARTAO VALUES ('642.169.393-84','4485987898485903','Theo Muniz','VISA','11/18',775);
INSERT INTO CARTAO VALUES ('128.467.619-65','4929498293245243','Heitor Pinheiro','VISA','08/19',506);
INSERT INTO CARTAO VALUES ('929.837.744-49','4532962034458919','Heitor Guimaraes','VISA','08/18',149);

-- INGRESSO **ingresso(*codigo*,tipo_acesso[tipo_ingresso])

INSERT INTO INGRESSO (TIPO_ACESSO) VALUES ('VIP');
INSERT INTO INGRESSO (TIPO_ACESSO) VALUES ('NORMAL');
INSERT INTO INGRESSO (TIPO_ACESSO) VALUES ('NORMAL');
INSERT INTO INGRESSO (TIPO_ACESSO) VALUES ('NORMAL');
INSERT INTO INGRESSO (TIPO_ACESSO) VALUES ('NORMAL');
INSERT INTO INGRESSO (TIPO_ACESSO) VALUES ('NORMAL');
INSERT INTO INGRESSO (TIPO_ACESSO) VALUES ('NORMAL');
INSERT INTO INGRESSO (TIPO_ACESSO) VALUES ('NORMAL');
INSERT INTO INGRESSO (TIPO_ACESSO) VALUES ('NORMAL');
INSERT INTO INGRESSO (TIPO_ACESSO) VALUES ('NORMAL');
INSERT INTO INGRESSO (TIPO_ACESSO) VALUES ('NORMAL');
INSERT INTO INGRESSO (TIPO_ACESSO) VALUES ('NORMAL');

-- COMPRA **compra(*cpf*[cliente],*sigla*[dia_evento],*cod*[ingresso])

INSERT INTO COMPRA VALUES ('623.748.097-81','4539608823774767','15-SET',1);
INSERT INTO COMPRA VALUES ('623.748.097-81','4539608823774767','15-SET',2);
INSERT INTO COMPRA VALUES ('623.748.097-81','4539608823774767','15-SET',3);
INSERT INTO COMPRA VALUES ('623.748.097-81','4539608823774767','15-SET',4);
INSERT INTO COMPRA VALUES ('623.748.097-81','4539608823774767','15-SET',5);
INSERT INTO COMPRA VALUES ('623.748.097-81','4539608823774767','15-SET',6);
INSERT INTO COMPRA VALUES ('623.748.097-81','4539608823774767','15-SET',7);
INSERT INTO COMPRA VALUES ('623.748.097-81','4539608823774767','15-SET',8);
INSERT INTO COMPRA VALUES ('623.748.097-81','4539608823774767','15-SET',9);
INSERT INTO COMPRA VALUES ('623.748.097-81','4539608823774767','15-SET',10);
INSERT INTO COMPRA VALUES ('623.748.097-81','4539608823774767','15-SET',11);
INSERT INTO COMPRA VALUES ('623.748.097-81','4539608823774767','15-SET',12);


-- consome(*cpf*[cliente],*numero*[cartao],*nome*[prato],quantidade)

INSERT INTO CONSOME (CLIENTE,CARTAO,PRATO,QUANTIDADE) VALUES ('623.748.097-81','4539608823774767','HOSSOMAKI',12);
INSERT INTO CONSOME (CLIENTE,CARTAO,PRATO,QUANTIDADE) VALUES ('623.748.097-81','4539608823774767','SASHIMI',10);
INSERT INTO CONSOME (CLIENTE,CARTAO,PRATO,QUANTIDADE) VALUES ('623.748.097-81','4539608823774767','TEMAKI',5);
INSERT INTO CONSOME (CLIENTE,CARTAO,PRATO,QUANTIDADE) VALUES ('623.748.097-81','4539608823774767','NIGUIRI',6);
INSERT INTO CONSOME (CLIENTE,CARTAO,PRATO,QUANTIDADE) VALUES ('623.748.097-81','4539608823774767','HOT ROLL',13);
INSERT INTO CONSOME (CLIENTE,CARTAO,PRATO,QUANTIDADE) VALUES ('623.748.097-81','4539608823774767','URAMAKI',12);
INSERT INTO CONSOME (CLIENTE,CARTAO,PRATO,QUANTIDADE) VALUES ('623.748.097-81','4539608823774767','SUNOMO',10);
INSERT INTO CONSOME (CLIENTE,CARTAO,PRATO,QUANTIDADE) VALUES ('623.748.097-81','4539608823774767','SHIJIMI',7);
INSERT INTO CONSOME (CLIENTE,CARTAO,PRATO,QUANTIDADE) VALUES ('623.748.097-81','4539608823774767','MISSHOSHIRO',8);
INSERT INTO CONSOME (CLIENTE,CARTAO,PRATO,QUANTIDADE) VALUES ('623.748.097-81','4539608823774767','YAKISSOBA',5);
INSERT INTO CONSOME (CLIENTE,CARTAO,PRATO,QUANTIDADE) VALUES ('623.748.097-81','4539608823774767','TEPPANYAKI',12);