<?xml version="1.0" encoding="UTF-8"?>
<project-private xmlns="http://www.netbeans.org/ns/project-private/1">
    <editor-bookmarks xmlns="http://www.netbeans.org/ns/editor-bookmarks/2" lastBookmarkId="0"/>
    <open-files xmlns="http://www.netbeans.org/ns/projectui-open-files/2">
        <group>
            <file>file:/C:/Users/a11611BCC044/Desktop/v4/BatalhaNaval/src/batalhanaval/Grade.java</file>
            <file>file:/C:/Users/a11611BCC044/Desktop/v4/BatalhaNaval/src/batalhanaval/Jogador.java</file>
            <file>file:/C:/Users/a11611BCC044/Desktop/v4/BatalhaNaval/src/batalhanaval/Navio.java</file>
            <file>file:/C:/Users/a11611BCC044/Desktop/v4/BatalhaNaval/src/batalhanaval/BatalhaNaval.java</file>
            <file>file:/C:/Users/a11611BCC044/Desktop/v4/BatalhaNaval/src/batalhanaval/Grade_Ataque.java</file>
        </group>
    </open-files>
</project-private>
